type,dist,longitude,latitude
A1,香山區,120.937206,24.800548
A1,北區,120.969152,24.805852
A1,北區,120.975391,24.821754
A1,香山區,120.934367,24.790406
A1,北區,120.955513,24.804773
A1,香山區,120.933196,24.798456
A1,香山區,120.935694,24.802703
A1,東區,120.974677,24.812974
A1,東區,120.97219,24.796981
A1,北區,120.940715,24.835658
A1,北區,120.963765,24.807062
A1,香山區,120.919074,24.721407
A1,東區,120.990304,24.81326
A1,東區,120.988921,24.815498
A1,香山區,120.952599,24.772718
A1,東區,120.975314,24.804342
A1,北區,120.941728,24.83672
A1,香山區,120.954059,24.77668
A1,香山區,120.953998,24.75467
A1,香山區,120.9211,24.780856
A1,東區,120.965172,24.802564
A1,香山區,120.945556,24.793806
A1,香山區,120.906264,24.746104
A1,東區,120.977674,24.796726
A1,北區,120.969935,24.81096
A1,東區,120.976884,24.815463
A1,北區,120.927556,24.827533
A1,北區,120.961403,24.800156
A1,東區,120.994267,24.798568
A1,東區,121.003029,24.792143
A1,東區,120.971147,24.804202
A1,東區,121.018953,24.761171
A1,東區,120.975062,24.796379
A1,香山區,120.916932,24.74437
A2,東區,120.965928,24.812959
A2,東區,121.02497,24.778757
A2,東區,121.025051,24.776328
A2,東區,120.967585,24.804178
A2,東區,120.982237,24.80274
A2,北區,120.948789,24.834577
A2,東區,120.981222,24.804342
A2,東區,120.987859,24.803671
A2,東區,120.980591,24.803832
A2,東區,120.992227,24.81476
A2,東區,120.978136,24.798281
A2,東區,120.954457,24.828814
A2,北區,120.961215,24.820061
A2,東區,120.969046,24.804136
A2,北區,120.974255,24.813875
A2,東區,120.97393,24.803351
A2,香山區,120.973854,24.791659
A2,香山區,120.952263,24.799457
A2,東區,121.019085,24.768251
A2,東區,121.002833,24.800712
A2,東區,120.973491,24.803189
A2,北區,120.957004,24.794597
A2,東區,121.02044,24.782615
A2,東區,120.964342,24.800556
A2,東區,120.996646,24.783281
A2,東區,120.971993,24.796693
A2,北區,120.965732,24.812448
A2,東區,120.964839,24.799376
A2,東區,120.97422,24.814117
A2,東區,120.972709,24.80291
A2,東區,121.016713,24.783866
A2,東區,120.987718,24.776992
A2,東區,120.986671,24.804706
A2,香山區,120.92644,24.791141
A2,東區,120.981257,24.799843
A2,東區,120.991911,24.784891
A2,北區,120.967601,24.810028
A2,東區,120.96047,24.801368
A2,東區,121.005624,24.771254
A2,北區,120.957342,24.816485
A2,東區,120.995424,24.80206
A2,東區,121.01068,24.769562
A2,北區,120.94859,24.805105
A2,東區,120.971859,24.802166
A2,香山區,120.941754,24.798375
A2,東區,121.006415,24.780584
A2,東區,120.97258,24.813991
A2,北區,120.975542,24.816982
A2,東區,121.009638,24.787559
A2,東區,120.974833,24.804144
A2,東區,121.020581,24.787918
A2,北區,120.952232,24.805935
A2,香山區,120.953582,24.774608
A2,東區,120.998394,24.796854
A2,東區,120.993406,24.816012
A2,東區,120.964362,24.799389
A2,北區,120.975131,24.817406
A2,東區,120.957612,24.799715
A2,北區,120.957877,24.796813
A2,東區,121.017509,24.767861
A2,北區,120.961089,24.807815
A2,北區,120.973622,24.823041
A2,北區,120.93874,24.839562
A2,東區,120.982229,24.819472
A2,東區,120.984168,24.778208
A2,東區,121.012661,24.785162
A2,東區,120.976259,24.79097
A2,香山區,120.940408,24.777795
A2,東區,120.967878,24.809643
A2,東區,120.995865,24.819182
A2,北區,120.955371,24.804507
A2,東區,120.977589,24.809422
A2,北區,120.961456,24.805483
A2,東區,120.972088,24.799872
A2,香山區,120.943926,24.776104
A2,東區,120.982631,24.778418
A2,東區,120.979151,24.807356
A2,北區,120.96041,24.803278
A2,香山區,120.967371,24.776953
A2,東區,120.965181,24.802554
A2,東區,120.965959,24.797537
A2,東區,120.976909,24.808728
A2,北區,120.968593,24.806483
A2,東區,121.018763,24.78276
A2,東區,120.965184,24.79479
A2,東區,121.025031,24.778625
A2,東區,121.006695,24.780558
A2,東區,120.975035,24.804321
A2,東區,120.977637,24.808066
A2,東區,120.987604,24.800925
A2,北區,120.967482,24.816797
A2,東區,120.97561,24.817244
A2,東區,121.016477,24.786214
A2,北區,120.964171,24.806332
A2,東區,120.996025,24.820331
A2,北區,120.93811,24.839834
A2,北區,120.964341,24.800555
A2,東區,121.018789,24.775323
A2,東區,120.984261,24.808702
A2,東區,121.000231,24.79433
A2,香山區,120.966208,24.772709
A2,北區,120.961772,24.815366
A2,東區,120.974835,24.796157
A2,北區,120.967734,24.807717
A2,東區,120.971714,24.795466
A2,北區,120.958001,24.796825
A2,香山區,120.953763,24.800345
A2,東區,120.974249,24.803633
A2,東區,120.967394,24.787424
A2,東區,120.986409,24.810889
A2,北區,120.957929,24.810481
A2,香山區,120.953928,24.795843
A2,香山區,120.953765,24.80035
A2,東區,121.025045,24.776333
A2,東區,120.987618,24.805664
A2,北區,120.969697,24.818818
A2,北區,120.986752,24.811
A2,東區,120.987843,24.80367
A2,北區,120.961224,24.816943
A2,香山區,120.963366,24.76649
A2,北區,120.960526,24.796766
A2,東區,121.005702,24.771366
A2,香山區,120.94838,24.795042
A2,東區,120.983182,24.802387
A2,東區,120.99773,24.798661
A2,香山區,120.939029,24.791244
A2,北區,120.948843,24.833304
A2,東區,121.02303,24.777413
A2,東區,120.961403,24.800156
A2,東區,121.001208,24.79365
A2,北區,120.948387,24.803474
A2,東區,120.992038,24.804229
A2,東區,120.974444,24.808858
A2,東區,120.979021,24.799448
A2,東區,120.979848,24.803243
A2,東區,120.976843,24.803975
A2,香山區,120.952497,24.796438
A2,東區,120.99363,24.799021
A2,北區,120.969957,24.817301
A2,香山區,120.92498,24.745268
A2,北區,120.95836,24.810209
A2,北區,120.970699,24.817905
A2,北區,120.966048,24.809968
A2,北區,120.969068,24.816878
A2,北區,120.962404,24.806149
A2,東區,120.963941,24.795191
A2,東區,120.984002,24.776426
A2,北區,120.957793,24.80409
A2,香山區,120.92677,24.792657
A2,香山區,120.943143,24.795817
A2,香山區,120.952505,24.799418
A2,香山區,120.952672,24.796098
A2,東區,120.97518,24.804141
A2,東區,121.019449,24.782401
A2,北區,120.95455,24.805038
A2,東區,120.998427,24.782579
A2,北區,120.973846,24.820477
A2,東區,120.976925,24.815275
A2,東區,120.982068,24.802446
A2,北區,120.962405,24.806146
A2,香山區,120.913287,24.747639
A2,北區,120.961164,24.820051
A2,東區,120.99363,24.799021
A2,東區,120.967566,24.780107
A2,東區,120.968834,24.797778
A2,北區,120.958626,24.802333
A2,東區,120.99581,24.797648
A2,北區,120.94626,24.831116
A2,北區,120.983887,24.802009
A2,東區,120.983062,24.79637
A2,東區,120.97088,24.801602
A2,香山區,120.932092,24.781596
A2,香山區,120.913142,24.733964
A2,東區,120.992488,24.805103
A2,東區,120.986297,24.806122
A2,香山區,120.898523,24.744353
A2,北區,120.971055,24.813973
A2,東區,121.013381,24.793159
A2,北區,120.957417,24.7972
A2,東區,120.971406,24.795635
A2,北區,120.967125,24.812917
A2,北區,120.964634,24.807813
A2,北區,120.972346,24.821462
A2,香山區,120.915465,24.76714
A2,北區,120.959698,24.809148
A2,香山區,120.946472,24.793881
A2,東區,120.966549,24.798362
A2,東區,121.015515,24.784179
A2,北區,120.960282,24.818845
A2,香山區,120.950788,24.796234
A2,東區,121.004401,24.791058
A2,東區,121.003583,24.786114
A2,東區,120.97406,24.797175
A2,東區,121.003492,24.78616
A2,東區,120.992018,24.779277
A2,東區,120.971918,24.795746
A2,東區,121.009999,24.787304
A2,東區,121.012105,24.791601
A2,北區,120.954949,24.794001
A2,東區,121.022359,24.777055
A2,東區,121.024059,24.780913
A2,北區,120.961238,24.797087
A2,東區,120.97662,24.801901
A2,東區,120.970267,24.80446
A2,東區,120.98088,24.814797
A2,東區,120.979574,24.812857
A2,東區,120.975068,24.804298
A2,東區,121.024724,24.77573
A2,東區,120.979463,24.807036
A2,東區,121.025954,24.774522
A2,東區,120.989308,24.783477
A2,東區,120.980672,24.788639
A2,北區,120.961732,24.806973
A2,東區,120.997188,24.800633
A2,東區,120.99126,24.813934
A2,東區,120.980313,24.814756
A2,東區,120.972581,24.8137
A2,東區,121.018827,24.778297
A2,東區,120.996548,24.822083
A2,東區,121.010772,24.767923
A2,北區,120.954971,24.803493
A2,東區,121.021161,24.768086
A2,北區,120.962436,24.806081
A2,東區,120.993406,24.816012
A2,東區,120.992635,24.815848
A2,東區,120.970956,24.804286
A2,東區,120.972864,24.794161
A2,香山區,120.924534,24.818943
A2,東區,120.973552,24.808563
A2,東區,120.973787,24.793577
A2,東區,120.975558,24.811864
A2,東區,120.966086,24.791263
A2,東區,121.024438,24.770422
A2,東區,120.980647,24.813296
A2,東區,120.966692,24.800568
A2,東區,120.970032,24.804132
A2,香山區,120.950006,24.800084
A2,東區,120.972935,24.808917
A2,北區,120.959486,24.808777
A2,香山區,120.91853,24.77821
A2,北區,120.962374,24.802577
A2,北區,120.944083,24.836131
A2,東區,120.97808,24.798208
A2,東區,120.980095,24.813981
A2,香山區,120.907603,24.748472
A2,北區,120.957806,24.804065
A2,東區,120.99466,24.783804
A2,東區,120.99585,24.797636
A2,香山區,120.933366,24.792687
A2,北區,120.968133,24.805244
A2,東區,121.009644,24.787568
A2,東區,121.015883,24.785013
A2,東區,121.024689,24.775773
A2,東區,120.988315,24.805695
A2,東區,120.996553,24.803355
A2,北區,120.963122,24.823656
A2,東區,121.016608,24.784124
A2,東區,120.975553,24.80122
A2,東區,120.981398,24.81504
A2,北區,120.968038,24.805285
A2,北區,120.955538,24.811787
A2,香山區,120.94179,24.796573
A2,東區,120.990006,24.799892
A2,香山區,120.94298,24.776409
A2,東區,121.002106,24.795685
A2,東區,120.971727,24.795457
A2,東區,120.970045,24.804181
A2,東區,120.992971,24.804446
A2,東區,120.97445,24.808828
A2,香山區,120.906025,24.742241
A2,東區,120.963829,24.798735
A2,東區,121.007149,24.794245
A2,東區,120.985309,24.787468
A2,東區,121.006565,24.780633
A2,北區,120.971189,24.805761
A2,東區,120.999219,24.795075
A2,東區,120.999172,24.800618
A2,東區,121.013252,24.775432
A2,香山區,120.952548,24.796462
A2,北區,120.954695,24.808955
A2,東區,120.992507,24.79939
A2,香山區,120.978907,24.767615
A2,東區,120.990425,24.813464
A2,北區,120.964456,24.811959
A2,東區,120.990622,24.784843
A2,香山區,120.921497,24.783122
A2,東區,120.991443,24.798823
A2,北區,120.970889,24.811515
A2,東區,120.975839,24.814291
A2,東區,120.97827,24.810455
A2,香山區,120.939857,24.792371
A2,香山區,120.958536,24.759741
A2,香山區,120.952985,24.77845
A2,東區,121.008314,24.791672
A2,北區,120.975674,24.819259
A2,香山區,120.947749,24.777004
A2,東區,120.992461,24.779526
A2,東區,120.983156,24.802216
A2,東區,120.963279,24.804763
A2,東區,120.991986,24.814594
A2,北區,120.956563,24.803867
A2,東區,121.006768,24.780796
A2,東區,120.97073,24.801631
A2,東區,121.004094,24.787467
A2,東區,120.99719,24.780994
A2,東區,120.966692,24.800568
A2,東區,120.986602,24.805487
A2,北區,120.957107,24.815987
A2,北區,120.962402,24.806073
A2,東區,120.970043,24.798665
A2,香山區,120.928673,24.788269
A2,北區,120.952418,24.832415
A2,北區,120.975815,24.791638
A2,東區,120.976952,24.81452
A2,北區,120.961588,24.815098
A2,香山區,120.927637,24.787775
A2,北區,120.962702,24.800974
A2,東區,120.978967,24.808862
A2,東區,120.982872,24.801791
A2,香山區,120.916602,24.719955
A2,東區,120.981,24.808314
A2,東區,120.970176,24.801897
A2,北區,120.933944,24.839161
A2,香山區,120.9211,24.780856
A2,東區,120.985255,24.801712
A2,東區,121.006809,24.796247
A2,北區,120.962592,24.8141
A2,香山區,120.951183,24.800158
A2,東區,121.011012,24.789065
A2,香山區,120.943296,24.799004
A2,東區,120.975349,24.800534
A2,東區,121.01525,24.781672
A2,東區,120.966697,24.800567
A2,北區,120.956789,24.801
A2,北區,120.966412,24.812432
A2,東區,121.024343,24.788809
A2,香山區,120.936696,24.80611
A2,香山區,120.938583,24.778335
A2,東區,121.001258,24.80186
A2,東區,120.970968,24.804259
A2,東區,120.968739,24.803199
A2,香山區,120.929558,24.783529
A2,東區,120.967401,24.801013
A2,東區,120.969253,24.805268
A2,香山區,120.949303,24.798414
A2,香山區,120.951031,24.799971
A2,東區,121.001309,24.793353
A2,香山區,120.918744,24.780178
A2,東區,120.967642,24.785339
A2,東區,120.994438,24.817726
A2,東區,120.975239,24.814448
A2,東區,121.005201,24.790519
A2,香山區,120.90568,24.743843
A2,北區,120.962807,24.805607
A2,北區,120.966784,24.808972
A2,香山區,120.955212,24.796616
A2,東區,120.974503,24.80413
A2,北區,120.973751,24.820377
A2,北區,120.959946,24.80196
A2,北區,120.963206,24.805073
A2,東區,120.997067,24.796628
A2,東區,120.989957,24.800754
A2,東區,120.972818,24.799507
A2,北區,120.92936,24.830609
A2,香山區,120.917862,24.774764
A2,東區,120.972508,24.794782
A2,香山區,120.971499,24.795672
A2,東區,120.972632,24.794544
A2,東區,120.977879,24.768314
A2,北區,120.977722,24.822827
A2,北區,120.96142,24.814587
A2,東區,121.024019,24.781325
A2,東區,120.978504,24.80628
A2,東區,120.962979,24.798132
A2,東區,120.988198,24.785964
A2,東區,121.015967,24.785289
A2,北區,120.967864,24.809619
A2,東區,120.972693,24.794478
A2,東區,120.986507,24.799706
A2,東區,121.026042,24.774391
A2,東區,120.983397,24.814678
A2,東區,120.976834,24.810359
A2,東區,120.993378,24.805886
A2,東區,121.002235,24.793888
A2,東區,120.98088,24.814797
A2,北區,120.966481,24.823169
A2,北區,120.954214,24.801168
A2,東區,121.001425,24.783147
A2,東區,120.978267,24.803097
A2,東區,120.998463,24.796499
A2,東區,120.972508,24.794782
A2,東區,120.97053,24.804461
A2,東區,120.991805,24.775981
A2,東區,120.973471,24.795359
A2,東區,121.001944,24.807278
A2,東區,120.969548,24.802112
A2,東區,120.973539,24.814501
A2,東區,120.995598,24.819794
A2,香山區,120.952824,24.796467
A2,東區,120.978136,24.798281
A2,北區,120.976133,24.821801
A2,北區,120.95427,24.801133
A2,東區,120.998389,24.780917
A2,東區,120.981191,24.788581
A2,東區,120.975552,24.803209
A2,北區,120.930943,24.835654
A2,東區,121.016038,24.790167
A2,東區,120.958432,24.794019
A2,東區,121.010602,24.786679
A2,香山區,120.974763,24.788119
A2,東區,120.966784,24.808972
A2,香山區,120.936369,24.803181
A2,北區,120.96959,24.816941
A2,東區,120.970177,24.801882
A2,東區,120.964161,24.796353
A2,東區,120.985011,24.810391
A2,北區,120.975674,24.819259
A2,東區,120.979463,24.807036
A2,北區,120.961145,24.807839
A2,香山區,120.951778,24.795335
A2,東區,121.006454,24.798336
A2,北區,120.96166,24.807091
A2,北區,120.962738,24.810715
A2,東區,121.008931,24.771316
A2,東區,120.972882,24.799456
A2,東區,120.976796,24.806979
A2,東區,121.01122,24.789522
A2,東區,121.008707,24.802015
A2,香山區,120.968135,24.799861
A2,東區,121.020693,24.787634
A2,北區,120.952453,24.820804
A2,東區,120.974451,24.803992
A2,東區,120.976043,24.786937
A2,北區,120.971631,24.82193
A2,東區,121.0231,24.76258
A2,北區,120.960467,24.793487
A2,東區,121.010867,24.781437
A2,東區,120.978611,24.803274
A2,東區,120.985274,24.78727
A2,東區,121.01703,24.803286
A2,香山區,120.923848,24.790535
A2,東區,120.976824,24.805873
A2,北區,120.955515,24.809018
A2,香山區,120.966117,24.791099
A2,東區,121.007378,24.798368
A2,東區,120.980736,24.802798
A2,東區,120.969983,24.796469
A2,東區,120.98059,24.780998
A2,東區,120.980273,24.81532
A2,北區,120.957204,24.81783
A2,東區,121.000419,24.783423
A2,東區,120.968176,24.805307
A2,東區,120.985613,24.797459
A2,東區,121.003972,24.781485
A2,東區,120.975796,24.797594
A2,香山區,120.960706,24.796328
A2,東區,120.982475,24.788054
A2,東區,120.966897,24.802314
A2,東區,121.021071,24.782315
A2,北區,120.954822,24.803101
A2,北區,120.959645,24.803519
A2,東區,120.995302,24.781125
A2,東區,120.967099,24.801394
A2,香山區,120.909911,24.752632
A2,香山區,120.921355,24.74436
A2,東區,120.994579,24.817354
A2,香山區,120.907649,24.75583
A2,香山區,120.952241,24.799459
A2,東區,120.972374,24.821447
A2,東區,121.022783,24.768791
A2,東區,120.981043,24.80409
A2,東區,120.982482,24.810761
A2,北區,120.963284,24.813552
A2,東區,120.973053,24.794202
A2,北區,120.930781,24.842361
A2,東區,120.978766,24.794797
A2,北區,120.9342,24.842363
A2,東區,120.981164,24.814503
A2,東區,120.972067,24.807812
A2,香山區,120.94955,24.798497
A2,北區,120.955328,24.823711
A2,東區,120.972624,24.795106
A2,北區,120.935065,24.843512
A2,東區,121.026202,24.772922
A2,北區,120.942703,24.838021
A2,東區,121.021076,24.777597
A2,東區,121.020612,24.78245
A2,香山區,120.928405,24.787326
A2,北區,120.96788,24.809642
A2,北區,120.978685,24.823528
A2,北區,120.958115,24.800225
A2,東區,120.976655,24.814041
A2,東區,120.973741,24.793623
A2,香山區,120.947161,24.794434
A2,東區,120.974927,24.808198
A2,北區,120.994149,24.817403
A2,香山區,120.941839,24.798081
A2,東區,121.012955,24.792752
A2,香山區,120.929085,24.777568
A2,北區,120.928701,24.845105
A2,香山區,120.926922,24.821309
A2,東區,121.021761,24.776348
A2,東區,120.968103,24.799847
A2,北區,120.962574,24.810771
A2,北區,120.958176,24.807809
A2,香山區,120.917403,24.820613
A2,東區,120.973327,24.792653
A2,北區,120.958356,24.80242
A2,北區,120.964272,24.797338
A2,東區,121.016466,24.774786
A2,東區,120.976903,24.808741
A2,東區,121.014532,24.766333
A2,東區,121.026603,24.77552
A2,東區,120.978347,24.808359
A2,香山區,120.944806,24.797887
A2,香山區,120.926309,24.790915
A2,北區,120.969116,24.816549
A2,東區,120.980551,24.795644
A2,東區,120.974263,24.814297
A2,北區,120.967366,24.813676
A2,東區,120.981313,24.800002
A2,東區,120.998539,24.802763
A2,東區,120.979463,24.807036
A2,東區,120.985188,24.800063
A2,東區,120.971012,24.797705
A2,北區,120.961339,24.809983
A2,東區,120.966684,24.800562
A2,東區,120.98833,24.78605
A2,香山區,120.921123,24.806283
A2,東區,120.979332,24.811151
A2,北區,120.966017,24.820329
A2,東區,120.979053,24.795162
A2,香山區,120.929938,24.789086
A2,香山區,120.974856,24.789232
A2,東區,120.998603,24.782667
A2,北區,120.967116,24.81385
A2,東區,121.009566,24.787575
A2,北區,120.954856,24.811079
A2,東區,120.993615,24.816088
A2,東區,120.968763,24.797018
A2,北區,120.955789,24.806292
A2,北區,120.968154,24.807064
A2,東區,121.01924,24.778533
A2,東區,120.973272,24.808451
A2,香山區,120.949976,24.796377
A2,北區,120.961154,24.805217
A2,東區,120.975602,24.806874
A2,東區,120.974181,24.815
A2,北區,120.967302,24.806517
A2,香山區,120.953884,24.800603
A2,東區,120.976078,24.813971
A2,北區,120.956674,24.806803
A2,北區,120.959153,24.809582
A2,東區,120.966249,24.798737
A2,香山區,120.944813,24.796478
A2,東區,120.99581,24.797648
A2,北區,120.957091,24.804236
A2,東區,120.984937,24.80579
A2,東區,120.98497,24.804492
A2,北區,120.947951,24.805034
A2,東區,120.991696,24.803692
A2,北區,120.963534,24.793691
A2,北區,120.961134,24.8077
A2,北區,120.961701,24.805671
A2,北區,120.959086,24.821935
A2,北區,120.961971,24.806831
A2,東區,121.013388,24.798338
A2,香山區,120.942376,24.792432
A2,東區,120.997448,24.799707
A2,東區,121.022836,24.785909
A2,東區,120.979354,24.814989
A2,北區,120.969478,24.813359
A2,北區,120.957676,24.810619
A2,香山區,120.940103,24.79168
A2,香山區,120.955188,24.79842
A2,東區,120.979463,24.807036
A2,東區,120.98224,24.804769
A2,東區,120.946362,24.792345
A2,東區,121.005627,24.771254
A2,東區,120.96786,24.799717
A2,東區,121.017157,24.791991
A2,北區,120.930891,24.839405
A2,東區,121.010281,24.786946
A2,北區,120.97048,24.818068
A2,北區,120.961378,24.801929
A2,東區,120.97352,24.799939
A2,東區,120.968501,24.790707
A2,北區,120.957907,24.796808
A2,東區,121.019574,24.778357
A2,東區,120.985665,24.810817
A2,東區,120.99426,24.800464
A2,北區,120.965617,24.812616
A2,東區,120.99401,24.806027
A2,東區,120.984517,24.805229
A2,東區,121.006338,24.780631
A2,北區,120.946267,24.833282
A2,東區,120.982349,24.799914
A2,北區,120.956537,24.811221
A2,北區,120.946884,24.83315
A2,東區,120.978195,24.808841
A2,北區,120.955515,24.809018
A2,東區,120.992131,24.814666
A2,東區,121.023939,24.781459
A2,香山區,120.917884,24.726917
A2,北區,120.955658,24.809912
A2,東區,120.993617,24.798976
A2,東區,120.990433,24.801537
A2,東區,120.972171,24.795077
A2,東區,121.012661,24.785098
A2,東區,120.974712,24.816288
A2,北區,120.95756,24.816713
A2,東區,121.016974,24.768576
A2,北區,120.967667,24.805939
A2,東區,120.972152,24.810049
A2,東區,120.972343,24.808018
A2,香山區,120.930417,24.792399
A2,北區,120.949383,24.801751
A2,香山區,120.929729,24.788712
A2,東區,120.967391,24.795567
A2,東區,120.97933,24.815772
A2,北區,120.931111,24.842452
A2,香山區,120.940837,24.796143
A2,東區,121.017368,24.805626
A2,東區,120.967615,24.799538
A2,東區,120.95953,24.796154
A2,東區,120.9694,24.795578
A2,香山區,120.907503,24.750775
A2,東區,121.014537,24.766346
A2,東區,121.011238,24.776046
A2,東區,120.969563,24.805404
A2,東區,121.00159,24.793512
A2,東區,120.963128,24.793385
A2,東區,120.987027,24.811281
A2,東區,120.993301,24.784307
A2,東區,120.996579,24.822943
A2,東區,121.02011,24.780037
A2,香山區,120.945607,24.793821
A2,東區,121.005041,24.780976
A2,東區,121.01526,24.793297
A2,東區,121.002191,24.793865
A2,東區,120.972945,24.770852
A2,北區,120.965394,24.815778
A2,東區,120.980635,24.81327
A2,北區,120.96092,24.809534
A2,東區,121.016994,24.799667
A2,東區,121.02054,24.781748
A2,香山區,120.942285,24.805019
A2,香山區,120.898459,24.744446
A2,東區,121.001896,24.795517
A2,北區,120.968648,24.810101
A2,東區,120.98358,24.809631
A2,香山區,120.949842,24.800087
A2,東區,120.996086,24.776142
A2,東區,120.96814,24.801479
A2,香山區,120.931258,24.789638
A2,北區,120.965154,24.815995
A2,東區,120.985964,24.806473
A2,東區,120.969046,24.804136
A2,北區,120.978685,24.823528
A2,東區,121.024785,24.77924
A2,東區,120.966635,24.800517
A2,北區,120.972092,24.819023
A2,北區,120.968825,24.808433
A2,東區,120.973931,24.808637
A2,北區,120.966428,24.810419
A2,北區,120.95515,24.827734
A2,北區,120.962977,24.807828
A2,北區,120.966795,24.818596
A2,北區,120.96125,24.805411
A2,東區,121.006473,24.7753
A2,北區,120.963745,24.809487
A2,東區,121.024976,24.778876
A2,東區,121.008413,24.797813
A2,東區,121.014356,24.785643
A2,東區,120.968541,24.802844
A2,香山區,120.953494,24.79916
A2,東區,121.010633,24.786782
A2,北區,120.948197,24.804997
A2,北區,120.967835,24.813145
A2,北區,120.965892,24.808418
A2,東區,120.960144,24.794739
A2,東區,120.975062,24.796379
A2,北區,120.964368,24.811755
A2,北區,120.945866,24.805075
A2,東區,120.977127,24.814508
A2,北區,120.967127,24.801397
A2,東區,120.969655,24.813862
A2,東區,120.98595,24.806471
A2,東區,121.015896,24.785524
A2,北區,120.92071,24.835307
A2,東區,120.979872,24.813219
A2,東區,121.004282,24.787207
A2,東區,120.988933,24.815347
A2,香山區,120.930339,24.785171
A2,東區,120.981631,24.808845
A2,北區,120.960313,24.820939
A2,北區,120.95732,24.816504
A2,東區,120.969238,24.801757
A2,東區,121.003471,24.79936
A2,東區,120.970267,24.801341
A2,東區,120.979634,24.814698
A2,東區,120.963941,24.795191
A2,東區,121.024086,24.782437
A2,東區,120.960707,24.79673
A2,北區,120.930824,24.842189
A2,香山區,120.976959,24.785184
A2,東區,120.990344,24.774798
A2,東區,120.967254,24.777389
A2,北區,120.970152,24.818387
A2,北區,120.960464,24.801325
A2,東區,121.01841,24.803898
A2,北區,120.953566,24.832429
A2,北區,120.966814,24.817452
A2,香山區,120.974312,24.797418
A2,香山區,120.934869,24.804453
A2,北區,120.971628,24.818622
A2,東區,120.978858,24.808801
A2,東區,120.976655,24.812542
A2,東區,120.968029,24.799805
A2,東區,120.982529,24.808958
A2,北區,120.962877,24.805535
A2,香山區,120.945057,24.804473
A2,北區,120.944019,24.83623
A2,東區,120.972141,24.804161
A2,東區,120.975857,24.809323
A2,東區,121.012471,24.783385
A2,北區,120.967393,24.801007
A2,北區,120.967878,24.809643
A2,東區,120.984724,24.802367
A2,香山區,120.972706,24.794534
A2,香山區,120.953921,24.800038
A2,北區,120.946505,24.834361
A2,北區,120.958544,24.79661
A2,北區,120.966393,24.803772
A2,北區,120.960724,24.809555
A2,北區,120.961545,24.815472
A2,東區,121.009456,24.787512
A2,北區,120.96544,24.799826
A2,東區,120.960741,24.809565
A2,北區,120.96047,24.801368
A2,香山區,120.952538,24.796429
A2,東區,121.015155,24.775805
A2,香山區,120.927355,24.787509
A2,東區,120.966084,24.804979
A2,北區,120.970251,24.822681
A2,東區,121.006458,24.780708
A2,東區,121.004282,24.787207
A2,北區,120.9577,24.810586
A2,東區,120.997698,24.774839
A2,北區,120.964432,24.813654
A2,北區,120.964364,24.803539
A2,北區,120.968154,24.805306
A2,東區,120.967852,24.800274
A2,東區,121.008613,24.788098
A2,香山區,120.951144,24.799257
A2,北區,120.969186,24.819326
A2,東區,120.964776,24.803071
A2,北區,120.930768,24.842337
A2,東區,121.008475,24.797811
A2,香山區,120.919435,24.793463
A2,東區,120.977655,24.81317
A2,東區,120.966309,24.77303
A2,北區,120.970947,24.8243
A2,東區,121.024166,24.779715
A2,北區,120.953047,24.804984
A2,東區,120.965955,24.797538
A2,東區,120.962556,24.798603
A2,北區,120.978282,24.819377
A2,東區,121.011721,24.786061
A2,北區,120.929074,24.844757
A2,北區,120.954652,24.80503
A2,北區,120.956108,24.797709
A2,東區,120.979438,24.782954
A2,北區,120.921788,24.845321
A2,香山區,120.961698,24.762763
A2,北區,120.965386,24.806065
A2,北區,120.951021,24.80504
A2,東區,120.997475,24.77495
A2,香山區,120.930417,24.792399
A2,北區,120.93043,24.838952
A2,北區,120.962233,24.805186
A2,東區,120.990625,24.801761
A2,北區,120.974605,24.813448
A2,北區,120.953857,24.801671
A2,北區,120.974712,24.816287
A2,北區,120.959494,24.798961
A2,東區,120.972937,24.808919
A2,東區,121.009075,24.79121
A2,香山區,120.976146,24.797335
A2,東區,120.966254,24.798707
A2,東區,120.991618,24.79944
A2,北區,120.932755,24.839314
A2,東區,120.974221,24.814364
A2,東區,120.995723,24.797569
A2,北區,120.963971,24.802596
A2,東區,120.998543,24.782573
A2,香山區,120.942536,24.792493
A2,東區,120.983124,24.809343
A2,東區,120.967918,24.799099
A2,北區,120.977326,24.823142
A2,東區,120.962912,24.793205
A2,東區,120.986932,24.802675
A2,東區,120.980697,24.813011
A2,東區,120.980485,24.795405
A2,東區,121.016598,24.775579
A2,東區,121.017337,24.788651
A2,東區,121.010656,24.786773
A2,東區,120.977314,24.797711
A2,東區,121.017106,24.783571
A2,東區,120.970213,24.804056
A2,北區,120.968615,24.806557
A2,北區,120.954849,24.831802
A2,東區,120.982329,24.811143
A2,香山區,120.95605,24.784557
A2,東區,120.97652,24.806379
A2,東區,120.999757,24.797185
A2,東區,120.972974,24.812803
A2,東區,120.975645,24.811933
A2,東區,120.975035,24.804321
A2,香山區,120.930807,24.790956
A2,東區,120.984275,24.809702
A2,東區,120.997951,24.796058
A2,香山區,120.94955,24.798497
A2,東區,121.007885,24.773927
A2,香山區,120.984782,24.777709
A2,東區,121.017411,24.783402
A2,東區,121.00335,24.788905
A2,北區,120.963033,24.813821
A2,東區,120.960055,24.79677
A2,東區,121.015636,24.784752
A2,東區,120.979434,24.803316
A2,東區,120.986853,24.797243
A2,北區,120.977686,24.817394
A2,東區,120.983052,24.802252
A2,北區,120.951877,24.803163
A2,東區,120.973536,24.804117
A2,東區,120.96085,24.795255
A2,東區,121.001207,24.793447
A2,東區,120.967834,24.79974
A2,北區,120.944373,24.805048
A2,東區,121.016802,24.781851
A2,香山區,120.949976,24.796377
A2,東區,120.976917,24.814376
A2,東區,120.976829,24.803926
A2,香山區,120.954267,24.79995
A2,香山區,120.953494,24.79916
A2,東區,121.008126,24.797981
A2,東區,120.974326,24.822505
A2,東區,120.977255,24.809766
A2,北區,120.965902,24.808391
A2,北區,120.962142,24.806469
A2,北區,120.953115,24.80728
A2,東區,120.975706,24.809298
A2,東區,120.986871,24.80364
A2,北區,120.932934,24.840731
A2,香山區,120.922703,24.792358
A2,北區,120.961295,24.819883
A2,東區,121.00552,24.776193
A2,北區,120.96477,24.809156
A2,東區,120.967519,24.784755
A2,北區,120.957496,24.799566
A2,東區,120.966254,24.798707
A2,香山區,120.95373,24.791987
A2,北區,120.957073,24.810819
A2,東區,120.971827,24.803121
A2,東區,120.972834,24.810984
A2,東區,120.983476,24.776914
A2,東區,120.974507,24.800582
A2,北區,120.966784,24.808972
A2,香山區,120.953746,24.799764
A2,東區,121.01978,24.789707
A2,香山區,120.941675,24.789324
A2,東區,120.994334,24.817429
A2,北區,120.966463,24.805199
A2,北區,120.962335,24.802567
A2,東區,120.967192,24.804304
A2,東區,121.024226,24.780888
A2,東區,120.994056,24.798387
A2,東區,120.984313,24.811696
A2,北區,120.975004,24.821429
A2,東區,120.970855,24.814068
A2,北區,120.961027,24.815575
A2,北區,120.954912,24.810182
A2,東區,120.969371,24.801976
A2,香山區,120.924382,24.818853
A2,香山區,120.945633,24.793727
A2,北區,120.962091,24.79921
A2,東區,120.996235,24.776005
A2,東區,121.012766,24.784561
A2,香山區,120.950154,24.800058
A2,北區,120.966439,24.813749
A2,東區,120.986559,24.799774
A2,香山區,120.943368,24.792901
A2,東區,120.96754,24.804187
A2,東區,120.977229,24.809768
A2,東區,120.973178,24.794172
A2,東區,120.969549,24.797509
A2,香山區,120.968024,24.788425
A2,東區,120.96671,24.798129
A2,北區,120.965956,24.822883
A2,東區,120.977275,24.809836
A2,香山區,120.952446,24.772818
A2,香山區,120.943193,24.793364
A2,東區,121.015233,24.775893
A2,東區,120.969137,24.797236
A2,北區,120.956721,24.794775
A2,香山區,120.958314,24.759844
A2,東區,120.963499,24.797645
A2,香山區,120.938124,24.805287
A2,東區,121.00432,24.789934
A2,北區,120.973855,24.817969
A2,北區,120.962792,24.801048
A2,北區,120.968223,24.809877
A2,東區,121.025845,24.777481
A2,北區,120.951026,24.805036
A2,東區,120.975029,24.802039
A2,東區,121.012465,24.774796
A2,北區,120.957785,24.824081
A2,北區,120.95739,24.816452
A2,香山區,120.945362,24.799333
A2,東區,120.986253,24.806486
A2,北區,120.957587,24.792558
A2,北區,120.957073,24.807042
A2,東區,121.003439,24.78746
A2,東區,121.004196,24.781183
A2,東區,120.994275,24.798624
A2,東區,120.982316,24.819357
A2,東區,121.003631,24.799931
A2,東區,120.975819,24.803142
A2,東區,120.981348,24.802757
A2,東區,121.022083,24.774195
A2,北區,120.965695,24.804631
A2,香山區,120.95162,24.79961
A2,東區,120.92896,24.802638
A2,北區,120.95988,24.820969
A2,北區,120.977686,24.817698
A2,北區,120.968563,24.806473
A2,東區,120.96429,24.80196
A2,東區,121.005581,24.771212
A2,香山區,120.971355,24.79868
A2,東區,120.979463,24.807036
A2,北區,120.967894,24.815575
A2,北區,120.936819,24.84547
A2,東區,120.971084,24.801648
A2,北區,120.96697,24.813364
A2,東區,120.967739,24.785613
A2,東區,121.005088,24.77354
A2,北區,120.962062,24.815112
A2,東區,121.012446,24.791683
A2,東區,120.990415,24.799767
A2,東區,121.019012,24.778635
A2,東區,120.983761,24.802008
A2,東區,120.982268,24.819502
A2,香山區,120.948911,24.776531
A2,香山區,120.92491,24.795283
A2,北區,120.993264,24.816065
A2,東區,120.967866,24.798629
A2,北區,120.955907,24.801656
A2,東區,121.020234,24.786102
A2,東區,121.01034,24.784466
A2,東區,121.016926,24.771421
A2,北區,120.971438,24.817073
A2,東區,121.016471,24.783777
A2,東區,121.025332,24.781249
A2,香山區,120.935987,24.800727
A2,北區,120.963288,24.807445
A2,東區,121.003893,24.775594
A2,北區,120.961252,24.800655
A2,東區,120.97872,24.80361
A2,東區,120.994996,24.781429
A2,北區,120.955567,24.804758
A2,東區,120.995004,24.818366
A2,東區,120.971057,24.804162
A2,東區,120.99383,24.77562
A2,東區,120.97096,24.796013
A2,東區,120.963661,24.799904
A2,東區,121.019043,24.786558
A2,北區,120.978685,24.823528
A2,東區,120.966534,24.773581
A2,東區,120.970734,24.809656
A2,東區,121.0124,24.774901
A2,香山區,120.967485,24.793639
A2,香山區,120.941462,24.795194
A2,香山區,120.97495,24.788589
A2,東區,121.010858,24.776349
A2,東區,120.977139,24.805486
A2,東區,120.968739,24.803199
A2,東區,120.979722,24.814717
A2,東區,121.004146,24.790979
A2,北區,120.966804,24.811046
A2,東區,121.009079,24.791189
A2,東區,120.967688,24.80966
A2,北區,120.970184,24.818334
A2,北區,120.969729,24.82298
A2,東區,120.966439,24.812461
A2,香山區,120.928166,24.788284
A2,東區,120.938927,24.839447
A2,東區,121.012275,24.792089
A2,東區,120.980466,24.799715
A2,香山區,120.937218,24.730034
A2,香山區,120.908744,24.750467
A2,北區,120.958482,24.822587
A2,北區,121.015487,24.787219
A2,香山區,120.951865,24.795422
A2,東區,121.006581,24.780663
A2,北區,120.967525,24.815226
A2,東區,121.025791,24.781228
A2,東區,121.00189,24.777522
A2,香山區,120.924654,24.745258
A2,東區,121.013613,24.775996
A2,北區,120.962465,24.812516
A2,東區,120.970856,24.8114
A2,東區,120.961606,24.796778
A2,東區,121.007864,24.773942
A2,香山區,120.967164,24.780373
A2,東區,120.973946,24.794953
A2,東區,120.975867,24.807049
A2,東區,121.01867,24.785496
A2,東區,120.963139,24.793366
A2,東區,120.981859,24.803659
A2,東區,120.978155,24.798264
A2,東區,120.986955,24.805573
A2,東區,120.967589,24.796289
A2,東區,120.978917,24.814447
A2,東區,121.026165,24.780945
A2,香山區,120.888991,24.738483
A2,東區,120.989957,24.800278
A2,東區,120.972524,24.794759
A2,東區,120.986924,24.802854
A2,北區,120.963642,24.809465
A2,東區,120.970367,24.798005
A2,東區,120.982166,24.819858
A2,北區,120.971236,24.803853
A2,東區,120.972555,24.814032
A2,東區,120.969348,24.797069
A2,香山區,120.9549,24.798649
A2,香山區,120.967142,24.778255
A2,東區,120.997844,24.81222
A2,東區,120.980914,24.79997
A2,北區,120.972413,24.80795
A2,北區,120.927631,24.845745
A2,北區,120.966257,24.807913
A2,北區,120.96464,24.805702
A2,東區,120.989275,24.805169
A2,東區,120.993001,24.803134
A2,東區,120.973486,24.799953
A2,東區,120.987961,24.80036
A2,東區,121.010281,24.786946
A2,香山區,120.914716,24.778859
A2,北區,120.962374,24.802577
A2,北區,120.974066,24.816021
A2,東區,120.966556,24.802725
A2,北區,120.962962,24.802949
A2,北區,120.964145,24.80979
A2,北區,120.962014,24.796872
A2,東區,120.966784,24.798022
A2,東區,120.968054,24.804147
A2,東區,120.983196,24.802389
A2,東區,121.004511,24.790969
A2,北區,120.986176,24.810794
A2,東區,121.01332,24.795619
A2,東區,121.00582,24.771321
A2,東區,120.997182,24.800658
A2,東區,121.006114,24.790329
A2,東區,120.979506,24.794674
A2,東區,120.977127,24.799384
A2,香山區,120.94955,24.798497
A2,香山區,120.93857,24.791507
A2,東區,120.978933,24.814812
A2,東區,120.976829,24.814369
A2,東區,120.988441,24.807384
A2,東區,121.013418,24.798781
A2,東區,121.017288,24.768147
A2,北區,120.957877,24.796813
A2,北區,120.965482,24.812504
A2,東區,120.972678,24.804933
A2,東區,121.004501,24.791116
A2,東區,120.978604,24.802331
A2,北區,120.962696,24.810403
A2,香山區,120.952525,24.796456
A2,東區,120.974308,24.811974
A2,北區,120.970026,24.817276
A2,北區,120.972264,24.818527
A2,東區,120.977275,24.809836
A2,東區,121.009353,24.778078
A2,香山區,120.926486,24.820368
A2,北區,120.919997,24.833387
A2,北區,120.970251,24.822681
A2,北區,120.97856,24.823833
A2,香山區,120.907375,24.760029
A2,東區,121.008098,24.777682
A2,東區,121.026117,24.773045
A2,東區,121.009644,24.787568
A2,東區,120.979509,24.802892
A2,北區,120.96338,24.813219
A2,北區,120.927416,24.849221
A2,北區,120.976842,24.816002
A2,北區,120.956701,24.804756
A2,東區,121.014211,24.769859
A2,香山區,120.948684,24.795008
A2,東區,121.006486,24.798331
A2,北區,120.958263,24.82321
A2,香山區,120.942203,24.79718
A2,香山區,120.928851,24.822733
A2,香山區,120.94955,24.798497
A2,東區,120.983895,24.776566
A2,東區,120.974115,24.815791
A2,香山區,120.910255,24.753115
A2,北區,120.944558,24.835828
A2,北區,120.956469,24.801354
A2,東區,120.992325,24.799199
A2,東區,121.006718,24.798777
A2,東區,120.986398,24.806042
A2,東區,120.991715,24.803689
A2,北區,120.957071,24.816707
A2,東區,120.982661,24.80104
A2,北區,120.964146,24.797264
A2,香山區,120.941665,24.792253
A2,東區,120.983718,24.817443
A2,北區,120.961252,24.800655
A2,香山區,120.927148,24.816577
A2,北區,120.957779,24.79445
A2,北區,120.962,24.815139
A2,東區,120.970669,24.813638
A2,北區,120.970602,24.82502
A2,香山區,120.93626,24.806737
A2,東區,120.998188,24.797536
A2,東區,120.96944,24.793789
A2,東區,120.97565,24.800218
A2,東區,120.996189,24.801852
A2,香山區,120.918514,24.720563
A2,東區,120.977142,24.814823
A2,北區,120.965386,24.806065
A2,香山區,120.910392,24.756649
A2,東區,120.997408,24.776144
A2,東區,121.012723,24.792866
A2,東區,121.00789,24.773929
A2,東區,121.013594,24.794042
A2,東區,120.980359,24.809825
A2,東區,121.002946,24.781408
A2,東區,121.01902,24.778049
A2,東區,120.987102,24.801597
A2,東區,120.976137,24.797052
A2,香山區,120.937322,24.791134
A2,香山區,120.926614,24.787266
A2,香山區,120.940286,24.798782
A2,東區,120.971846,24.812404
A2,東區,120.967122,24.812911
A2,東區,120.984982,24.810502
A2,東區,120.981717,24.802877
A2,東區,120.960667,24.796721
A2,香山區,120.954156,24.796508
A2,北區,120.95605,24.784557
A2,北區,120.964825,24.811421
A2,東區,121.005947,24.771405
A2,香山區,120.932498,24.792213
A2,東區,120.99818,24.778518
A2,東區,120.979003,24.811461
A2,北區,120.972537,24.814069
A2,香山區,120.968138,24.799856
A2,香山區,120.939763,24.794729
A2,香山區,120.952529,24.796454
A2,北區,120.971646,24.808936
A2,東區,120.996416,24.8038
A2,東區,120.978695,24.803646
A2,東區,120.987431,24.797166
A2,東區,120.969677,24.793834
A2,香山區,120.912446,24.761742
A2,東區,120.977201,24.797652
A2,東區,120.970828,24.814051
A2,東區,121.006383,24.780616
A2,東區,121.003524,24.800374
A2,北區,120.964106,24.807053
A2,北區,120.964026,24.810925
A2,北區,120.959996,24.802687
A2,東區,121.017368,24.805626
A2,東區,120.98082,24.78095
A2,東區,121.007853,24.773947
A2,東區,120.979438,24.782954
A2,香山區,120.924555,24.793819
A2,東區,121.021659,24.773843
A2,東區,121.002519,24.800531
A2,東區,121.020526,24.783055
A2,東區,121.017114,24.785213
A2,北區,120.970835,24.823194
A2,北區,120.958006,24.800181
A2,東區,120.968756,24.804938
A2,北區,120.965405,24.807796
A2,東區,120.974595,24.803903
A2,東區,120.993285,24.816057
A2,東區,120.965267,24.798274
A2,東區,120.972141,24.804158
A2,東區,120.966897,24.802314
A2,東區,121.021865,24.781738
A2,香山區,120.942306,24.787678
A2,東區,120.962086,24.810439
A2,東區,120.965432,24.802525
A2,北區,120.960408,24.801376
A2,東區,121.016926,24.771421
A2,東區,121.019387,24.782954
A2,香山區,120.918357,24.80636
A2,東區,120.972214,24.794579
A2,東區,120.977197,24.807857
A2,東區,121.000697,24.793736
A2,東區,120.998247,24.802464
A2,東區,120.997719,24.798586
A2,北區,120.957104,24.793412
A2,東區,121.00741,24.79921
A2,東區,120.972809,24.811015
A2,香山區,120.9662,24.75909
A2,香山區,120.972818,24.799507
A2,東區,120.977868,24.809159
A2,北區,120.965629,24.816002
A2,北區,120.967928,24.810311
A2,東區,120.980306,24.795316
A2,東區,120.997184,24.781522
A2,香山區,120.972174,24.796001
A2,香山區,120.920596,24.8086
A2,東區,121.013313,24.797551
A2,北區,120.964934,24.811676
A2,東區,120.972864,24.794161
A2,東區,120.966691,24.800556
A2,東區,120.990667,24.804354
A2,東區,120.981217,24.807415
A2,香山區,120.949403,24.801762
A2,北區,120.970676,24.817857
A2,香山區,120.935114,24.804388
A2,東區,120.993528,24.804868
A2,香山區,120.967862,24.771867
A2,北區,120.964814,24.803044
A2,東區,120.965175,24.794785
A2,香山區,120.942076,24.792184
A2,北區,120.962982,24.809024
A2,東區,121.027008,24.775314
A2,東區,120.970404,24.802838
A2,北區,120.967068,24.816405
A2,東區,120.996568,24.776921
A2,東區,120.967428,24.799429
A2,東區,120.982303,24.81115
A2,東區,121.02518,24.778173
A2,香山區,120.987396,24.780741
A2,東區,121.015401,24.780281
A2,東區,121.013048,24.771238
A2,東區,120.975062,24.796379
A2,東區,121.015468,24.782767
A2,東區,120.972508,24.794782
A2,東區,121.013203,24.795918
A2,東區,120.977132,24.813813
A2,香山區,120.941906,24.795521
A2,香山區,120.967223,24.789289
A2,東區,120.968345,24.80014
A2,香山區,120.906137,24.745632
A2,北區,120.959294,24.820175
A2,北區,120.966699,24.81449
A2,東區,120.978394,24.812306
A2,東區,120.967074,24.774867
A2,北區,120.971865,24.818858
A2,東區,120.972923,24.808924
A2,東區,120.970127,24.811082
A2,北區,120.963158,24.797044
A2,東區,120.996354,24.80369
A2,東區,121.01178,24.785874
A2,北區,120.959415,24.806363
A2,東區,121.016592,24.775553
A2,東區,121.010165,24.77286
A2,東區,120.977995,24.794887
A2,北區,120.973206,24.820923
A2,東區,121.012677,24.785156
A2,北區,120.968204,24.807086
A2,東區,121.01788,24.783197
A2,東區,121.018357,24.777333
A2,東區,120.965342,24.798142
A2,東區,120.972928,24.80891
A2,北區,120.972169,24.817689
A2,北區,120.984384,24.818044
A2,東區,120.998559,24.78264
A2,香山區,120.927223,24.799877
A2,北區,120.934124,24.838964
A2,東區,121.007445,24.785738
A2,香山區,120.963676,24.803525
A2,東區,121.004239,24.787231
A2,香山區,120.934225,24.792781
A2,香山區,120.951144,24.799257
A2,東區,121.020111,24.781956
A2,北區,120.958729,24.804373
A2,東區,120.979847,24.813202
A2,香山區,120.964808,24.790057
A2,香山區,120.931354,24.784334
A2,東區,121.003217,24.800604
A2,北區,120.961649,24.807111
A2,香山區,120.931258,24.789638
A2,東區,121.020363,24.794399
A2,東區,120.977888,24.809083
A2,東區,120.992968,24.820356
A2,東區,121.024596,24.776524
A2,香山區,120.926445,24.791135
A2,北區,120.969746,24.822217
A2,東區,121.007323,24.789348
A2,東區,120.968325,24.799916
A2,東區,120.97101,24.804133
A2,東區,120.973672,24.805474
A2,香山區,120.964826,24.790696
A2,東區,120.97192,24.812114
A2,北區,120.965976,24.810245
A2,東區,120.978257,24.808512
A2,東區,121.018843,24.76179
A2,北區,120.942325,24.837434
A2,香山區,120.938032,24.805341
A2,香山區,120.952321,24.799464
A2,東區,120.973308,24.810388
A2,香山區,120.928217,24.789337
A2,香山區,120.929143,24.787015
A2,北區,120.965123,24.810427
A2,北區,120.963519,24.797059
A2,東區,120.972861,24.799459
A2,香山區,120.944797,24.796489
A2,東區,121.007871,24.773809
A2,東區,120.994518,24.817321
A2,東區,121.002833,24.800712
A2,東區,121.014174,24.772405
A2,東區,120.99862,24.80233
A2,東區,120.963941,24.795191
A2,東區,121.003631,24.799931
A2,東區,120.97662,24.801901
A2,東區,121.025508,24.777774
A2,北區,120.956723,24.804351
A2,香山區,120.953316,24.774582
A2,北區,120.953619,24.832431
A2,東區,120.974882,24.796064
A2,東區,120.972044,24.795769
A2,東區,120.983125,24.796371
A2,北區,120.937047,24.840797
A2,東區,121.017368,24.805626
A2,東區,121.018547,24.790619
A2,北區,120.97387,24.820466
A2,東區,120.985385,24.815033
A2,北區,120.966427,24.810419
A2,東區,120.986384,24.80568
A2,東區,121.005634,24.771231
A2,東區,120.981256,24.766565
A2,東區,120.971057,24.807558
A2,香山區,120.916076,24.768647
A2,東區,121.026426,24.77082
A2,北區,120.966814,24.817452
A2,東區,120.967564,24.804162
A2,東區,121.017168,24.783491
A2,東區,121.004453,24.791365
A2,香山區,120.942654,24.804972
A2,東區,120.973263,24.808489
A2,北區,120.988597,24.807876
A2,北區,120.955282,24.804942
A2,東區,121.021432,24.781812
A2,東區,120.967454,24.775873
A2,東區,120.978685,24.806428
A2,香山區,120.928189,24.792305
A2,東區,120.982588,24.788222
A2,北區,120.956792,24.825528
A2,東區,120.969296,24.803917
A2,東區,120.977429,24.808998
A2,東區,120.994056,24.798387
A2,東區,120.997233,24.800385
A2,東區,120.975745,24.804727
A2,北區,120.966692,24.800568
A2,東區,120.959639,24.760202
A2,東區,120.962336,24.814986
A2,東區,120.978195,24.808841
A2,北區,120.965748,24.812409
A2,東區,120.972537,24.814069
A2,東區,121.013723,24.770486
A2,北區,120.967671,24.809501
A2,香山區,120.898673,24.74032
A2,北區,120.962264,24.800717
A2,北區,120.960482,24.801353
A2,北區,120.960669,24.796747
A2,北區,120.947207,24.833295
A2,東區,121.013179,24.794118
A2,東區,121.013403,24.775784
A2,香山區,120.92445,24.818818
A2,東區,121.005139,24.774046
A2,東區,121.010197,24.772868
A2,東區,121.010995,24.788954
A2,北區,120.965472,24.804579
A2,東區,121.02516,24.781252
A2,北區,120.974341,24.813619
A2,東區,121.005243,24.790526
A2,東區,120.99122,24.814377
A2,北區,120.955253,24.803403
A2,東區,120.971928,24.812144
A2,東區,121.013427,24.784859
A2,東區,120.983463,24.799979
A2,東區,120.99492,24.801482
A2,東區,120.981279,24.779729
A2,北區,120.963803,24.808712
A2,北區,120.966787,24.808956
A2,北區,120.975658,24.825127
A2,東區,120.978255,24.808536
A2,東區,120.977459,24.802416
A2,東區,121.020313,24.792515
A2,東區,120.974291,24.814618
A2,北區,120.956814,24.811113
A2,北區,120.978195,24.808841
A2,東區,120.983115,24.802243
A2,香山區,120.975134,24.792412
A2,東區,120.972139,24.807851
A2,北區,120.962873,24.805531
A2,東區,121.015401,24.780281
A2,北區,120.965734,24.801715
A2,北區,120.95877,24.800571
A2,北區,120.969289,24.811482
A2,東區,121.015584,24.793125
A2,東區,120.979476,24.767136
A2,香山區,120.896051,24.742796
A2,東區,120.982531,24.808953
A2,北區,120.964171,24.817411
A2,東區,120.995424,24.80206
A2,香山區,120.971134,24.79783
A2,東區,120.977129,24.79961
A2,北區,120.962405,24.806146
A2,香山區,120.948452,24.794903
A2,東區,120.958438,24.794092
A2,香山區,120.926339,24.791438
A2,東區,120.986297,24.806111
A2,東區,120.991324,24.80036
A2,東區,121.023929,24.777767
A2,東區,120.983201,24.802399
A2,北區,120.980103,24.827125
A2,東區,120.988306,24.800407
A2,東區,121.027594,24.778388
A2,東區,121.011343,24.788146
A2,香山區,120.919337,24.781523
A2,北區,120.967047,24.805596
A2,東區,120.983661,24.809557
A2,東區,120.966717,24.803589
A2,東區,120.968528,24.80011
A2,北區,120.956814,24.811113
A2,香山區,120.944325,24.799747
A2,東區,121.011707,24.785873
A2,東區,121.004107,24.787483
A2,東區,120.968585,24.805387
A2,東區,121.012612,24.793352
A2,東區,120.972995,24.794295
A2,香山區,120.964913,24.799463
A2,北區,120.967283,24.806502
A2,香山區,120.927569,24.787435
A2,香山區,120.941754,24.798375
A2,東區,120.995292,24.776893
A2,香山區,120.96591,24.770176
A2,東區,121.007527,24.788881
A2,東區,120.971985,24.793567
A2,香山區,120.931142,24.784581
A2,東區,120.984082,24.811938
A2,東區,121.006968,24.78161
A2,東區,121.006919,24.781606
A2,東區,120.991107,24.774268
A2,香山區,120.92461,24.818782
A2,東區,120.973819,24.798877
A2,北區,120.935146,24.841173
A2,北區,120.972175,24.817691
A2,東區,120.967807,24.798995
A2,北區,120.951026,24.805036
A2,東區,121.00072,24.801663
A2,北區,120.931469,24.843711
A2,東區,121.000791,24.801715
A2,東區,120.962979,24.798132
A2,東區,121.009798,24.770995
A2,東區,121.007316,24.774001
A2,東區,121.002859,24.786412
A2,東區,120.978498,24.806269
A2,東區,120.986086,24.777057
A2,香山區,120.946614,24.796967
A2,香山區,120.952559,24.796588
A2,東區,120.974342,24.797342
A2,香山區,120.967519,24.784562
A2,香山區,120.924832,24.789761
A2,北區,120.963629,24.810824
A2,東區,121.004637,24.799985
A2,東區,121.021218,24.786336
A2,東區,121.016439,24.789664
A2,東區,121.015199,24.798657
A2,東區,121.018772,24.782783
A2,東區,120.967038,24.774805
A2,東區,120.975351,24.796471
A2,北區,120.960293,24.801883
A2,北區,120.965635,24.808293
A2,北區,120.965259,24.808031
A2,香山區,120.946828,24.775535
A2,東區,120.972508,24.794782
A2,東區,121.010563,24.787751
A2,香山區,120.918437,24.777833
A2,北區,120.95863,24.822576
A2,東區,121.020043,24.778122
A2,東區,120.991172,24.8209
A2,東區,120.976456,24.790618
A2,東區,120.986846,24.804653
A2,東區,120.972199,24.804479
A2,東區,120.988343,24.806635
A2,香山區,120.9052,24.744894
A2,東區,120.968745,24.803238
A2,東區,120.970149,24.804018
A2,香山區,120.940216,24.805109
A2,香山區,120.95608,24.797655
A2,香山區,120.973891,24.803452
A2,北區,120.946181,24.834524
A2,東區,121.019568,24.778591
A2,東區,121.001258,24.77655
A2,東區,120.990976,24.799556
A2,東區,121.000579,24.796861
A2,東區,121.000695,24.784303
A2,東區,120.994096,24.799741
A2,東區,121.00593,24.781679
A2,東區,121.013295,24.783652
A2,東區,120.966254,24.798707
A2,東區,120.97086,24.81408
A2,香山區,120.973515,24.793451
A2,東區,121.018713,24.785448
A2,東區,121.00741,24.79921
A2,東區,121.011206,24.776056
A2,東區,120.979574,24.812857
A2,香山區,120.949418,24.77382
A2,北區,120.968802,24.816866
A2,香山區,120.930161,24.788918
A2,北區,120.960707,24.808377
A2,東區,120.997267,24.812419
A2,東區,120.993281,24.784354
A2,東區,121.017844,24.783192
A2,東區,120.968096,24.801486
A2,香山區,120.952543,24.796457
A2,香山區,120.927561,24.789812
A2,東區,120.974308,24.811974
A2,東區,121.016765,24.787392
A2,北區,120.970235,24.826152
A2,香山區,120.921201,24.785196
A2,東區,120.986871,24.80364
A2,東區,120.96495,24.790506
A2,東區,120.998186,24.797013
A2,東區,120.973231,24.796808
A2,東區,121.027008,24.775314
A2,東區,120.966676,24.800577
A2,北區,120.956135,24.797699
A2,東區,120.986731,24.800655
A2,東區,120.977575,24.792609
A2,東區,121.00386,24.781478
A2,東區,121.006501,24.772177
A2,北區,120.955109,24.831319
A2,東區,121.005317,24.774778
A2,東區,120.990341,24.783143
A2,東區,121.020228,24.786095
A2,香山區,120.953494,24.79916
A2,香山區,120.952222,24.79708
A2,東區,121.001269,24.793247
A2,北區,120.96139,24.801915
A2,東區,120.978859,24.803409
A2,東區,120.99343,24.802977
A2,東區,120.985297,24.800584
A2,東區,120.96651,24.794749
A2,東區,120.978187,24.808517
A2,香山區,120.905578,24.752543
A2,東區,120.963286,24.797869
A2,北區,120.960886,24.809527
A2,北區,120.980103,24.827125
A2,東區,120.975154,24.804235
A2,北區,120.960594,24.796756
A2,香山區,120.918901,24.781349
A2,東區,120.910339,24.822819
A2,香山區,120.930807,24.790956
A2,東區,121.019216,24.766084
A2,北區,120.955567,24.804758
A2,北區,120.956616,24.789562
A2,北區,120.979377,24.825236
A2,東區,120.99627,24.776073
A2,東區,121.002045,24.788316
A2,東區,120.969534,24.805407
A2,東區,120.982357,24.799908
A2,東區,121.002833,24.800712
A2,香山區,120.917093,24.762951
A2,東區,120.97301,24.807117
A2,北區,120.993362,24.816125
A2,香山區,120.929172,24.792738
A2,北區,120.977075,24.818248
A2,東區,120.976942,24.814507
A2,北區,120.961833,24.802531
A2,東區,121.012068,24.787808
A2,東區,121.003821,24.781285
A2,東區,120.973289,24.814106
A2,北區,120.964129,24.821932
A2,香山區,120.910279,24.809801
A2,東區,120.965838,24.794171
A2,香山區,120.94986,24.800124
A2,東區,120.968536,24.80011
A2,東區,120.981015,24.814666
A2,東區,120.993803,24.802634
A2,東區,120.954562,24.802737
A2,東區,121.016486,24.783786
A2,東區,120.977958,24.811837
A2,東區,120.967721,24.801196
A2,東區,120.996326,24.806078
A2,東區,120.967184,24.777926
A2,北區,120.974809,24.816381
A2,香山區,120.951756,24.795334
A2,東區,120.983581,24.803399
A2,東區,121.00158,24.793565
A2,東區,120.982015,24.799302
A2,東區,120.963167,24.801286
A2,東區,120.981641,24.808084
A2,北區,120.963542,24.816875
A2,東區,120.975385,24.812235
A2,東區,120.99581,24.797648
A2,東區,121.013203,24.795918
A2,北區,120.96591,24.827569
A2,北區,120.956165,24.825192
A2,東區,121.013755,24.795489
A2,北區,120.956025,24.817598
A2,東區,121.012874,24.796061
A2,北區,120.951707,24.804998
A2,北區,120.96424,24.812575
A2,北區,120.964732,24.811455
A2,香山區,120.93026,24.779822
A2,東區,120.975587,24.812077
A2,北區,120.955232,24.796588
A2,香山區,120.925293,24.79354
A2,北區,120.962143,24.797608
A2,北區,120.961028,24.815569
A2,東區,120.984977,24.804499
A2,東區,121.010122,24.773019
A2,北區,120.975054,24.821479
A2,香山區,120.922714,24.757573
A2,東區,120.994893,24.801416
A2,東區,121.007143,24.79782
A2,東區,120.98139,24.808275
A2,東區,120.979463,24.807036
A2,北區,120.94765,24.805056
A2,東區,120.970831,24.813971
A2,東區,121.016727,24.767036
A2,北區,120.964598,24.816577
A2,香山區,120.937915,24.79106
A2,東區,121.012186,24.791833
A2,東區,120.961315,24.794932
A2,香山區,120.909303,24.740739
A2,北區,120.961538,24.805473
A2,北區,120.962756,24.808896
A2,東區,120.967674,24.802082
A2,香山區,120.936116,24.796433
A2,北區,120.969048,24.816593
A2,北區,120.970761,24.816377
A2,東區,121.020624,24.781964
A2,香山區,120.952425,24.796769
A2,東區,120.977651,24.809419
A2,東區,120.976461,24.809559
A2,東區,120.977801,24.768372
A2,香山區,120.942363,24.810516
A2,北區,120.971053,24.824267
A2,東區,121.00581,24.795921
A2,東區,120.965344,24.799699
A2,東區,121.018832,24.761705
A2,東區,121.024038,24.776195
A2,東區,120.981476,24.814426
A2,東區,120.976584,24.801939
A2,香山區,120.942049,24.753125
A2,北區,120.96404,24.818855
A2,東區,120.996643,24.783119
A2,北區,120.956185,24.805642
A2,東區,120.98546,24.800307
A2,東區,121.022525,24.782425
A2,香山區,120.934218,24.804455
A2,東區,120.998809,24.783076
A2,東區,120.986288,24.812097
A2,東區,120.990309,24.813244
A2,北區,120.974095,24.820674
A2,北區,120.977651,24.823345
A2,北區,120.959849,24.79363
A2,東區,121.005702,24.771366
A2,香山區,120.964061,24.802627
A2,北區,120.962896,24.805527
A2,北區,120.966571,24.819869
A2,東區,120.971013,24.804167
A2,香山區,120.942657,24.73043
A2,東區,120.963139,24.793366
A2,香山區,120.924843,24.819276
A2,東區,120.972895,24.808888
A2,北區,120.941044,24.842743
A2,東區,121.021689,24.776248
A2,香山區,120.944025,24.796362
A2,香山區,120.941332,24.801236
A2,東區,121.016425,24.77319
A2,北區,120.961232,24.793358
A2,東區,120.974161,24.795833
A2,東區,120.993406,24.816012
A2,北區,120.976186,24.823723
A2,香山區,120.942536,24.792493
A2,東區,120.976959,24.814372
A2,東區,120.979513,24.806947
A2,東區,121.017905,24.783204
A2,東區,120.968745,24.803238
A2,東區,120.997731,24.798661
A2,香山區,120.95605,24.784557
A2,北區,120.954804,24.793977
A2,北區,120.970037,24.817072
A2,北區,121.006337,24.80402
A2,北區,120.95363,24.793993
A2,東區,120.997419,24.796513
A2,北區,120.960509,24.803463
A2,東區,120.975132,24.795799
A2,東區,120.994782,24.79815
A2,香山區,120.940001,24.791775
A2,北區,120.973203,24.820903
A2,北區,120.960038,24.796755
A2,北區,120.974867,24.82125
A2,北區,120.967505,24.823138
A2,香山區,120.941492,24.795218
A2,東區,121.01648,24.773123
A2,東區,120.983671,24.809591
A2,東區,120.96533,24.799726
A2,東區,121.015206,24.775896
A2,香山區,120.952134,24.757168
A2,香山區,120.926603,24.790941
A2,東區,121.007468,24.796
A2,東區,120.985251,24.775196
A2,東區,121.020002,24.77812
A2,東區,121.013673,24.771827
A2,北區,120.939582,24.839049
A2,東區,121.014611,24.773027
A2,東區,121.02476,24.779844
A2,東區,120.988508,24.807785
A2,東區,120.983129,24.799003
A2,香山區,120.925434,24.80413
A2,東區,121.014293,24.775684
A2,東區,121.020454,24.78204
A2,東區,121.002311,24.797895
A2,東區,120.987961,24.80036
A2,東區,121.007717,24.785958
A2,香山區,120.937037,24.771225
A2,東區,121.008061,24.777457
A2,香山區,120.975062,24.796379
A2,香山區,120.918744,24.780178
A2,東區,120.982406,24.811066
A2,東區,121.015391,24.767763
A2,東區,120.964193,24.797406
A2,香山區,120.9494,24.794526
A2,東區,120.969252,24.794364
A2,東區,121.009525,24.781351
A2,東區,121.023924,24.776056
A2,北區,120.978035,24.823623
A2,北區,120.955734,24.814926
A2,東區,120.995399,24.802035
A2,東區,120.983201,24.802399
A2,東區,120.978711,24.768442
A2,東區,120.973497,24.804101
A2,東區,120.993775,24.775527
A2,北區,120.984105,24.81704
A2,北區,120.959636,24.803512
A2,東區,121.002086,24.782761
A2,東區,120.95622,24.797879
A2,東區,121.00886,24.787292
A2,東區,121.008893,24.787316
A2,北區,120.965469,24.810656
A2,東區,120.963178,24.798271
A2,東區,121.006919,24.781606
A2,東區,121.006919,24.781606
A2,東區,120.97468,24.803857
A2,北區,120.959918,24.798449
A2,北區,120.96146,24.800046
A2,香山區,120.946522,24.793865
A2,東區,120.968738,24.800407
A2,北區,120.988621,24.821091
A2,東區,120.993378,24.792061
A2,東區,121.009073,24.77153
A2,東區,120.970671,24.798211
A2,北區,120.965704,24.813205
A2,東區,120.987377,24.779389
A2,東區,120.972981,24.794314
A2,香山區,120.978915,24.767641
A2,北區,120.968536,24.80011
A2,東區,120.978136,24.798281
A2,東區,120.983451,24.803267
A2,東區,120.989154,24.775696
A2,東區,120.974349,24.813597
A2,北區,120.967832,24.810418
A2,北區,120.978688,24.823868
A2,北區,120.943046,24.837076
A2,東區,121.005211,24.802346
A2,北區,120.960708,24.796665
A2,東區,120.981072,24.814659
A2,東區,120.977449,24.803641
A2,東區,121.004644,24.791034
A2,東區,120.994056,24.798387
A2,東區,120.998964,24.795303
A2,北區,120.957895,24.796756
A2,東區,121.018398,24.786853
A2,東區,121.021569,24.781576
A2,北區,120.965634,24.804668
A2,東區,120.980782,24.803157
A2,東區,120.980692,24.803212
A2,北區,120.962713,24.805767
A2,北區,120.961027,24.815575
A2,東區,120.956746,24.789876
A2,東區,120.96802,24.796592
A2,北區,120.966795,24.808957
A2,東區,120.972773,24.794112
A2,北區,120.958164,24.807785
A2,東區,120.975899,24.7969
A2,東區,120.969959,24.800956
A2,北區,120.964159,24.806326
A2,東區,120.976632,24.80659
A2,東區,120.975062,24.796379
A2,北區,120.962058,24.802374
A2,北區,120.958954,24.817726
A2,東區,121.005104,24.799067
A2,北區,120.934039,24.842389
A2,東區,120.997727,24.798641
A2,北區,120.962086,24.810439
A2,北區,120.955933,24.812534
A2,東區,121.021882,24.785294
A2,東區,120.976743,24.815897
A2,東區,121.013114,24.794114
A2,東區,120.983266,24.802391
A2,北區,120.955064,24.803432
A2,北區,120.955305,24.83017
A2,北區,120.967056,24.819913
A2,東區,120.980915,24.814784
A2,東區,120.99381,24.799281
A2,北區,120.961575,24.804693
A2,東區,120.99785,24.795983
A2,香山區,120.947925,24.758524
A2,東區,121.020568,24.782029
A2,東區,121.009644,24.787568
A2,東區,120.973692,24.803762
A2,東區,121.024072,24.781317
A2,香山區,120.951438,24.773293
A2,東區,120.978696,24.803646
A2,東區,120.991396,24.784513
A2,東區,120.968401,24.800029
A2,東區,120.995058,24.817649